id,name,project_type,state,district,latitude,longitude,land_area_ha,affected_families,start_date,target_end_date,current_stage,status,data_source,delay_probability,risk_category,days_in_current_stage,stage_overdue_days,pct_stages_completed,compensation_paid_pct,avg_compensation_pending_days,num_disputed_claims,legal_dispute_flag,num_active_legal_cases,has_court_stay,doc_complete_pct,approval_pending_days,num_approvals_pending,sia_approved,env_clearance_obtained,rehab_progress_pct,stakeholder_response_days,notification_delay_days,possession_completion_pct,district_historical_delay_rate
1,"Expressway 1 (Thane, Maharashtra)",Expressway,Maharashtra,Thane,16.166219,78.425342,282.82,4474,2022-07-22,2026-08-11,Objection Hearing,In Progress,SYNTHETIC_DEMO,0.3919,low,119,0,0.3931,0.2789,56,29,True,5,True,0.5669,111,0,True,False,0.1597,59,21,0,0.2389
2,"State Highway 2 (Gautam Buddha Nagar, Uttar Pradesh)",State Highway,Uttar Pradesh,Gautam Buddha Nagar,29.508713,81.527945,44.01,2411,2020-02-06,2021-05-04,SIA Approved,Completed,SYNTHETIC_DEMO,0.129,low,0,0,0.1709,0.1472,160,0,False,0,False,0.7711,110,5,True,True,0.7046,10,42,0,0.2139
3,"Metro 3 (Coimbatore, Tamil Nadu)",Metro Rail,Tamil Nadu,Coimbatore,11.496264,77.641745,306.52,1411,2021-02-05,2024-03-04,SIA Approved,Completed,SYNTHETIC_DEMO,0.1834,low,0,0,0.0961,0.0865,136,0,False,0,False,0.8375,20,7,True,True,0.9895,86,44,0,0.3785
4,"Metro Rail 4 (Jaipur, Rajasthan)",Metro Rail,Rajasthan,Jaipur,23.46332,77.718225,75.72,1153,2020-11-21,2025-01-25,SIA Initiated,On Hold,SYNTHETIC_DEMO,0.1703,low,352,109,0,0,143,0,False,0,False,0.7234,95,9,False,True,0.5835,51,14,0,0.5987
5,"PMGSY 5 (Rajkot, Gujarat)",Rural Road,Gujarat,Rajkot,20.687786,69.039883,266.91,4542,2022-12-11,2027-10-04,SIA Approved,Planning,SYNTHETIC_DEMO,0.3583,low,462,280,0.1443,0.1177,174,0,False,0,False,0.8324,87,8,True,False,0.7686,48,7,0,0.2468
6,"National Highway 6 (Vadodara, Gujarat)",National Highway,Gujarat,Vadodara,22.284568,68.69167,382.44,4428,2022-09-14,2027-03-17,Award Declaration,Cancelled,SYNTHETIC_DEMO,0.4786,medium,335,20,0.5683,0.4844,0,0,False,0,False,0.7594,62,0,True,True,0.363,44,15,0,0.129
7,"Rural Road 7 (Thane, Maharashtra)",Rural Road,Maharashtra,Thane,16.334545,76.302259,464.81,1657,2023-07-26,2027-08-24,SIA Approved,Cancelled,SYNTHETIC_DEMO,0.3298,low,199,0,0.078,0.075,79,0,False,0,False,0.6394,85,10,True,True,0.8996,62,7,0,0.224
8,"NH 8 (Raigad, Maharashtra)",National Highway,Maharashtra,Raigad,15.54674,78.162728,142.85,3986,2020-05-06,2021-09-03,Completed,In Progress,SYNTHETIC_DEMO,0.0765,low,264,30,0.9135,0.648,138,0,False,0,False,0.4794,119,9,True,True,0.243,65,51,0.4071,0.1472
9,"Smart City 9 (Sangareddy, Telangana)",Smart City,Telangana,Sangareddy,15.716685,79.94055,128.08,1568,2021-09-08,2026-04-23,Possession Handover,Completed,SYNTHETIC_DEMO,0.5592,medium,0,0,0.6697,0.5497,137,0,False,0,False,0.6692,54,2,True,True,0.2498,14,28,0.808,0.528
10,"City Infra 10 (Thane, Maharashtra)",Urban Infrastructure,Maharashtra,Thane,21.016522,73.830489,136.28,3737,2020-02-13,2023-11-03,SIA Initiated,Planning,SYNTHETIC_DEMO,0.3279,low,522,269,0,0,108,45,True,5,False,0.7971,62,2,False,True,0.2177,12,37,0,0.4679
11,"Industrial Corridor 11 (Chikkaballapura, Karnataka)",Industrial Corridor,Karnataka,Chikkaballapura,13.759976,77.83724,339.23,1936,2020-11-15,2022-10-03,SIA Initiated,Planning,SYNTHETIC_DEMO,0.2253,low,88,0,0.0922,0.0667,30,0,False,0,False,0.965,72,3,False,True,0.0397,15,26,0,0.4287
12,"Metro 12 (Ajmer, Rajasthan)",Metro Rail,Rajasthan,Ajmer,23.916148,75.309507,41.26,1756,2022-01-07,2025-07-31,Compensation Disbursement,In Progress,SYNTHETIC_DEMO,0.5297,medium,353,44,0.7108,0.6971,67,9,True,3,False,0.9285,112,3,True,True,0.1577,74,45,0,0.2513
13,"City Infra 13 (Chikkaballapura, Karnataka)",Urban Infrastructure,Karnataka,Chikkaballapura,12.470019,74.519429,105.78,2172,2020-02-08,2021-09-14,Award Declaration,Planning,SYNTHETIC_DEMO,0.5317,medium,596,287,0.4311,0.3382,125,0,False,0,False,0.5507,116,0,True,True,0.4236,40,2,0,0.1018
14,"E-way 14 (Bhavnagar, Gujarat)",Expressway,Gujarat,Bhavnagar,21.924591,68.062853,293.34,1223,2020-10-17,2022-03-20,Notification u/s 11,Completed,SYNTHETIC_DEMO,0.3655,low,0,0,0.339,0.3076,110,9,True,1,True,0.585,115,0,True,False,0.2101,36,42,0,0.1514
15,"Railway 15 (Medak, Telangana)",Railway Line,Telangana,Medak,18.743087,80.966373,137.07,895,2022-08-06,2023-09-25,Objection Hearing,In Progress,SYNTHETIC_DEMO,0.6429,medium,213,0,0.4223,0.3377,9,0,False,0,False,0.9152,28,3,True,False,0.4603,44,52,0,0.4977
16,"National Highway 16 (Ghaziabad, Uttar Pradesh)",National Highway,Uttar Pradesh,Ghaziabad,29.618294,84.251668,469.92,954,2022-03-06,2024-09-27,Objection Hearing,Completed,SYNTHETIC_DEMO,0.4485,medium,0,0,0.3452,0.2944,66,0,False,0,False,0.5071,33,0,True,True,0.4346,45,27,0,0.4031
17,"Port Link 17 (Pune, Maharashtra)",Port Connectivity,Maharashtra,Pune,18.334374,76.659363,313.46,1030,2020-11-17,2024-11-23,Objection Hearing,On Hold,SYNTHETIC_DEMO,0.3633,low,716,352,0.3144,0.2608,76,0,False,0,False,0.7043,85,6,True,True,0.6972,75,8,0,0.1959
18,"Rail Line 18 (Siddipet, Telangana)",Railway Line,Telangana,Siddipet,15.501624,78.291112,223.87,1760,2022-05-10,2025-10-06,Award Declaration,Completed,SYNTHETIC_DEMO,0.4144,medium,0,0,0.5572,0.4914,130,0,False,0,False,0.6839,115,2,True,True,0.2838,89,40,0,0.4096
19,"E-way 19 (Palghar, Maharashtra)",Expressway,Maharashtra,Palghar,15.800389,80.371488,249.72,2008,2023-03-27,2027-08-29,Objection Hearing,In Progress,SYNTHETIC_DEMO,0.3942,low,104,0,0.3661,0.3536,167,0,False,0,False,0.8126,114,1,True,False,0.2188,71,29,0,0.1251
20,"PMGSY 20 (Meerut, Uttar Pradesh)",Rural Road,Uttar Pradesh,Meerut,30.421301,81.465892,449.12,3898,2020-01-10,2023-07-04,Notification u/s 11,Completed,SYNTHETIC_DEMO,0.4003,medium,0,0,0.2725,0.2496,115,0,False,0,False,0.5555,31,10,True,True,0.7777,67,40,0,0.2196
21,"E-way 21 (Visakhapatnam, Andhra Pradesh)",Expressway,Andhra Pradesh,Visakhapatnam,18.751188,77.144621,206.76,4455,2023-03-22,2025-01-23,Objection Hearing,On Hold,SYNTHETIC_DEMO,0.4508,medium,266,0,0.3516,0.2622,106,0,False,0,False,0.4374,106,6,True,True,0.7698,7,54,0,0.5403
22,"NH 22 (Yadadri Bhuvanagiri, Telangana)",National Highway,Telangana,Yadadri Bhuvanagiri,18.913792,81.290437,246.67,2245,2022-10-16,2026-02-20,Compensation Disbursement,On Hold,SYNTHETIC_DEMO,0.676,medium,581,290,0.6745,0.5827,124,0,False,0,False,0.4174,43,10,True,True,0.4043,26,53,0,0.3337
23,"Urban Infra 23 (Rajkot, Gujarat)",Urban Infrastructure,Gujarat,Rajkot,22.983499,68.545659,230.08,2774,2021-05-11,2024-10-04,SIA Initiated,Completed,SYNTHETIC_DEMO,0.2276,low,0,0,0,0,97,18,True,4,False,0.5514,10,7,False,True,0.5394,49,14,0,0.4251
24,"Metro Rail 24 (Bengaluru Rural, Karnataka)",Metro Rail,Karnataka,Bengaluru Rural,12.834907,76.131025,88.06,4984,2020-08-15,2022-04-06,Objection Hearing,Planning,SYNTHETIC_DEMO,0.5364,medium,607,244,0.4646,0.39,29,0,False,0,False,0.8667,20,4,True,True,0.0257,44,36,0,0.4387
25,"Metro 25 (Yadadri Bhuvanagiri, Telangana)",Metro Rail,Telangana,Yadadri Bhuvanagiri,18.00897,77.458556,176.87,3519,2023-10-29,2026-07-07,SIA Approved,Cancelled,SYNTHETIC_DEMO,0.3072,low,730,381,0.1451,0.1068,94,0,False,0,False,0.4414,82,5,True,True,0.4201,67,6,0,0.3168
26,"PMGSY 26 (Sikar, Rajasthan)",Rural Road,Rajasthan,Sikar,26.652227,75.354117,413.74,4863,2021-05-06,2025-10-18,Notification u/s 11,Completed,SYNTHETIC_DEMO,0.2528,low,0,0,0.3116,0.2685,68,0,False,0,False,0.5934,31,1,True,True,0.4508,64,36,0,0.4052
27,"NH 27 (Sangareddy, Telangana)",National Highway,Telangana,Sangareddy,16.348479,80.590246,260.73,1575,2020-05-15,2023-04-12,Rehabilitation,On Hold,SYNTHETIC_DEMO,0.2046,low,316,115,0.9511,0.8658,61,0,False,0,False,0.832,62,8,True,False,0.6906,87,45,0.4908,0.4965
28,"Metro Rail 28 (Raigad, Maharashtra)",Metro Rail,Maharashtra,Raigad,19.280111,76.286084,139.1,2069,2020-05-21,2024-05-12,Possession Handover,In Progress,SYNTHETIC_DEMO,0.3919,low,382,143,0.7351,0.6791,30,0,False,0,False,0.8328,40,1,True,False,0.9509,28,12,0.2164,0.3421
29,"Metro 29 (Coimbatore, Tamil Nadu)",Metro Rail,Tamil Nadu,Coimbatore,9.662472,79.186083,320.75,4031,2023-05-22,2025-02-04,Award Declaration,In Progress,SYNTHETIC_DEMO,0.3583,low,310,104,0.4091,0.2931,3,0,False,0,False,0.7444,60,7,True,True,0.1844,11,16,0,0.5705
30,"State Highway 30 (Visakhapatnam, Andhra Pradesh)",State Highway,Andhra Pradesh,Visakhapatnam,16.90612,76.928873,305.13,1858,2022-05-31,2024-03-31,Possession Handover,Completed,SYNTHETIC_DEMO,0.3222,low,0,0,0.8122,0.7998,133,25,True,4,True,0.9451,38,9,True,False,0.3054,84,3,0.6096,0.47
31,"Metro 31 (Baghpat, Uttar Pradesh)",Metro Rail,Uttar Pradesh,Baghpat,25.129788,77.562987,147.61,2326,2023-03-24,2024-03-28,Award Declaration,Planning,SYNTHETIC_DEMO,0.2971,low,448,89,0.4901,0.4304,116,0,False,0,False,0.4427,29,4,True,False,0.6251,89,51,0,0.5668
32,"City Infra 32 (Rangareddy, Telangana)",Urban Infrastructure,Telangana,Rangareddy,18.806525,77.321344,66.56,2501,2022-12-01,2024-11-04,Objection Hearing,In Progress,SYNTHETIC_DEMO,0.6225,medium,344,0,0.394,0.3732,103,0,False,0,False,0.9656,64,8,True,True,0.0804,10,56,0,0.316
33,"Expressway 33 (Dausa, Rajasthan)",Expressway,Rajasthan,Dausa,27.720089,77.244652,382.74,1445,2022-02-21,2026-06-07,SIA Initiated,Planning,SYNTHETIC_DEMO,0.1187,low,51,0,0.0999,0.0901,132,0,False,0,False,0.7909,117,4,False,True,0.5853,86,52,0,0.3459
34,"Industrial Corridor 34 (Pune, Maharashtra)",Industrial Corridor,Maharashtra,Pune,16.179899,73.786599,230.14,2586,2023-11-21,2027-03-13,Possession Handover,On Hold,SYNTHETIC_DEMO,0.3963,low,537,293,0.7076,0.696,82,0,False,0,False,0.4696,98,6,True,False,0.8249,5,42,0.8694,0.331
35,"City Infra 35 (Bengaluru Urban, Karnataka)",Urban Infrastructure,Karnataka,Bengaluru Urban,14.188931,77.419957,65.11,4997,2021-07-06,2023-08-26,Compensation Disbursement,Cancelled,SYNTHETIC_DEMO,0.6769,medium,303,62,0.6348,0.6211,40,0,False,0,False,0.5865,1,8,True,True,0.2247,19,29,0,0.5735
36,"Expressway 36 (Vadodara, Gujarat)",Expressway,Gujarat,Vadodara,22.171248,71.069429,432.69,2273,2022-03-16,2025-10-06,Completed,On Hold,SYNTHETIC_DEMO,0.0246,low,594,308,0.9289,0.7034,87,0,False,0,False,0.9605,64,4,True,False,0.2828,43,53,0.5869,0.5995
37,"Rural Road 37 (Vizianagaram, Andhra Pradesh)",Rural Road,Andhra Pradesh,Vizianagaram,16.363422,80.847441,288.04,1923,2023-04-25,2026-11-12,Completed,Completed,SYNTHETIC_DEMO,0.01,low,0,0,1,0.9609,105,0,False,0,False,0.4262,95,7,True,False,0.8114,54,42,0.7924,0.426
38,"National Highway 38 (Vadodara, Gujarat)",National Highway,Gujarat,Vadodara,21.493976,68.65237,436.11,1274,2022-06-22,2025-12-09,Notification u/s 11,Cancelled,SYNTHETIC_DEMO,0.4896,medium,132,0,0.2552,0.2136,120,0,False,0,False,0.8689,33,5,True,True,0.3975,15,54,0,0.2643
39,"Rural Road 39 (Sangareddy, Telangana)",Rural Road,Telangana,Sangareddy,16.439081,80.079798,224.62,2463,2023-06-12,2026-01-20,Completed,Planning,SYNTHETIC_DEMO,0.0852,low,262,75,1,0.8302,11,21,True,1,False,0.576,47,6,True,True,0.5312,77,43,0.7925,0.185
40,"SC Mission 40 (Nashik, Maharashtra)",Smart City,Maharashtra,Nashik,16.430265,76.189199,451.1,4487,2022-04-22,2024-09-23,Objection Hearing,Completed,SYNTHETIC_DEMO,0.6238,medium,0,0,0.3669,0.3302,40,0,False,0,False,0.4443,120,5,True,False,0.2992,59,44,0,0.225
41,"Smart City 41 (Tiruppur, Tamil Nadu)",Smart City,Tamil Nadu,Tiruppur,11.145575,78.586654,285.13,411,2022-10-25,2027-09-26,Rehabilitation,Planning,SYNTHETIC_DEMO,0.2212,low,332,0,0.7794,0.7396,127,0,False,0,False,0.8997,115,4,True,False,0.2301,50,14,0.6366,0.4104
42,"SH 42 (Bhavnagar, Gujarat)",State Highway,Gujarat,Bhavnagar,20.15014,70.371598,70.42,4428,2020-03-07,2021-12-01,SIA Initiated,On Hold,SYNTHETIC_DEMO,0.2866,low,122,0,0.0819,0.0654,135,0,False,0,False,0.7011,34,2,False,True,0.8247,66,51,0,0.2476
43,"PMGSY 43 (Jaipur, Rajasthan)",Rural Road,Rajasthan,Jaipur,24.579303,75.586914,11.89,4405,2020-11-28,2025-09-09,SIA Approved,In Progress,SYNTHETIC_DEMO,0.3262,low,436,225,0.2185,0.2056,116,0,False,0,False,0.6212,95,10,True,True,0.381,86,60,0,0.2857
44,"National Highway 44 (Bulandshahr, Uttar Pradesh)",National Highway,Uttar Pradesh,Bulandshahr,25.438887,77.474128,62.48,1933,2021-02-26,2024-10-03,Completed,On Hold,SYNTHETIC_DEMO,0.1746,low,339,22,1,0.735,34,25,True,4,True,0.6226,95,8,True,True,0.7423,24,56,0.4149,0.1495
45,"SC Mission 45 (West Godavari, Andhra Pradesh)",Smart City,Andhra Pradesh,West Godavari,14.020888,80.057567,34.97,2270,2020-04-26,2022-08-22,Award Declaration,Planning,SYNTHETIC_DEMO,0.4571,medium,401,173,0.4199,0.3803,31,0,False,0,False,0.9694,105,7,True,True,0.2121,86,38,0,0.5855
46,"Metro 46 (Mysuru, Karnataka)",Metro Rail,Karnataka,Mysuru,14.904362,76.493935,142.25,1195,2020-12-05,2025-03-19,Notification u/s 11,Cancelled,SYNTHETIC_DEMO,0.2616,low,251,38,0.3126,0.2407,138,0,False,0,False,0.5504,22,1,True,True,0.0258,6,22,0,0.495
47,"Industrial Corridor 47 (Hapur, Uttar Pradesh)",Industrial Corridor,Uttar Pradesh,Hapur,24.823931,80.157204,228.74,1824,2020-05-27,2022-01-14,SIA Initiated,In Progress,SYNTHETIC_DEMO,0.1296,low,95,0,0,0,11,0,False,0,False,0.8363,116,10,False,True,0.458,8,3,0,0.5993
48,"State Highway 48 (Yadadri Bhuvanagiri, Telangana)",State Highway,Telangana,Yadadri Bhuvanagiri,15.823162,79.737338,193.55,4903,2021-02-09,2022-06-23,Rehabilitation,Completed,SYNTHETIC_DEMO,0.172,low,0,0,0.8002,0.71,135,0,False,0,False,0.5769,64,9,True,True,0.7931,19,54,0.6547,0.5389
49,"Rural Road 49 (Bulandshahr, Uttar Pradesh)",Rural Road,Uttar Pradesh,Bulandshahr,26.947743,80.119922,344.98,3895,2022-07-17,2024-01-27,Objection Hearing,Completed,SYNTHETIC_DEMO,0.4517,medium,0,0,0.3375,0.2679,17,0,False,0,False,0.4547,10,1,True,True,0.7446,52,51,0,0.1651
50,"Urban Infra 50 (Tumakuru, Karnataka)",Urban Infrastructure,Karnataka,Tumakuru,13.43783,77.931233,81.59,3960,2021-06-16,2024-10-29,Completed,On Hold,SYNTHETIC_DEMO,0.101,low,82,0,1,0.8801,27,0,False,0,False,0.6101,71,5,True,True,0.2786,33,51,0.4291,0.3805
51,"Expressway 51 (Tumakuru, Karnataka)",Expressway,Karnataka,Tumakuru,14.668433,78.146919,75.23,261,2021-06-24,2024-06-11,SIA Initiated,In Progress,SYNTHETIC_DEMO,0.132,low,36,0,0,0,135,0,False,0,False,0.5291,53,7,False,True,0.3701,46,49,0,0.5707
52,"Railway 52 (Thane, Maharashtra)",Railway Line,Maharashtra,Thane,16.03028,76.044904,175.86,918,2020-11-01,2024-03-18,Notification u/s 11,Cancelled,SYNTHETIC_DEMO,0.2149,low,527,275,0.2714,0.2237,173,0,False,0,False,0.8071,62,8,True,True,0.0454,55,38,0,0.1274
53,"Metro Rail 53 (Gautam Buddha Nagar, Uttar Pradesh)",Metro Rail,Uttar Pradesh,Gautam Buddha Nagar,24.779898,80.73039,40.68,356,2021-01-24,2024-06-23,Notification u/s 11,On Hold,SYNTHETIC_DEMO,0.2868,low,209,0,0.1758,0.1512,4,0,False,0,False,0.6759,9,5,True,True,0.5734,86,26,0,0.2448
54,"Ind Corridor 54 (Rangareddy, Telangana)",Industrial Corridor,Telangana,Rangareddy,18.25844,78.628337,435.91,2791,2023-09-29,2027-03-11,Notification u/s 11,Cancelled,SYNTHETIC_DEMO,0.338,low,138,0,0.1987,0.1742,85,0,False,0,False,0.8675,9,8,True,True,0.5306,29,57,0,0.4881
55,"Rail Line 55 (Sikar, Rajasthan)",Railway Line,Rajasthan,Sikar,24.380903,74.921591,342.16,4634,2022-08-04,2027-04-07,Objection Hearing,Planning,SYNTHETIC_DEMO,0.3939,low,107,0,0.3104,0.2893,162,0,False,0,False,0.9919,41,10,True,True,0.4398,65,28,0,0.4157
56,"National Highway 56 (Namakkal, Tamil Nadu)",National Highway,Tamil Nadu,Namakkal,10.539584,76.169233,234.04,4550,2022-06-08,2025-07-02,Compensation Disbursement,Cancelled,SYNTHETIC_DEMO,0.4723,medium,323,133,0.5403,0.5183,115,0,False,0,False,0.9454,73,10,True,True,0.605,69,9,0,0.5789
57,"Ind Corridor 57 (Visakhapatnam, Andhra Pradesh)",Industrial Corridor,Andhra Pradesh,Visakhapatnam,12.773995,82.160974,196.77,2781,2020-09-06,2024-02-22,SIA Approved,Cancelled,SYNTHETIC_DEMO,0.2938,low,566,213,0.1295,0.0969,153,0,False,0,False,0.4314,80,10,True,True,0.3297,76,43,0,0.2933
58,"Port Connectivity 58 (Karur, Tamil Nadu)",Port Connectivity,Tamil Nadu,Karur,11.649867,80.125359,158.24,3095,2022-11-30,2025-08-26,Notification u/s 11,On Hold,SYNTHETIC_DEMO,0.2245,low,701,357,0.2897,0.2369,84,0,False,0,False,0.8879,85,10,True,False,0.0935,90,27,0,0.3542
59,"Expressway 59 (Mysuru, Karnataka)",Expressway,Karnataka,Mysuru,14.681547,74.864024,332.65,1083,2020-08-26,2022-06-03,Notification u/s 11,In Progress,SYNTHETIC_DEMO,0.3025,low,188,0,0.1654,0.1577,96,10,True,2,False,0.5085,88,9,True,False,0.1655,61,2,0,0.3054
60,"Port Link 60 (Bulandshahr, Uttar Pradesh)",Port Connectivity,Uttar Pradesh,Bulandshahr,25.554595,84.241975,233.53,2318,2021-07-08,2025-02-22,Award Declaration,Completed,SYNTHETIC_DEMO,0.3202,low,0,0,0.5808,0.4404,97,0,False,0,False,0.7017,53,2,True,False,0.8013,22,55,0,0.225
61,"Urban Infra 61 (Srikakulam, Andhra Pradesh)",Urban Infrastructure,Andhra Pradesh,Srikakulam,14.495441,82.604935,409.27,2873,2023-12-15,2026-06-25,SIA Approved,Cancelled,SYNTHETIC_DEMO,0.3553,low,490,304,0.2061,0.1534,106,0,False,0,False,0.432,64,5,True,True,0.9945,52,14,0,0.1141
62,"Industrial Corridor 62 (Ahmednagar, Maharashtra)",Industrial Corridor,Maharashtra,Ahmednagar,21.463075,76.279639,276.66,4997,2022-07-23,2024-05-02,Notification u/s 11,In Progress,SYNTHETIC_DEMO,0.2115,low,510,195,0.2397,0.1682,108,8,True,3,True,0.5426,15,0,True,True,0.639,84,29,0,0.1314
63,"Urban Infra 63 (West Godavari, Andhra Pradesh)",Urban Infrastructure,Andhra Pradesh,West Godavari,17.52981,78.830176,264.12,2964,2022-03-24,2023-03-27,SIA Initiated,Cancelled,SYNTHETIC_DEMO,0.2225,low,659,462,0,0,134,0,False,0,False,0.7264,100,8,False,True,0.3905,65,2,0,0.4178
64,"NH 64 (Ajmer, Rajasthan)",National Highway,Rajasthan,Ajmer,28.130587,75.154313,416.04,3816,2022-09-26,2026-12-30,Compensation Disbursement,Planning,SYNTHETIC_DEMO,0.5534,medium,370,12,0.5517,0.4445,122,0,False,0,False,0.779,103,2,True,True,0.7762,63,2,0,0.2467
65,"NH 65 (Bengaluru Urban, Karnataka)",National Highway,Karnataka,Bengaluru Urban,15.461929,76.443638,433.57,2729,2023-05-15,2025-10-14,Compensation Disbursement,On Hold,SYNTHETIC_DEMO,0.6046,medium,67,0,0.6757,0.5117,31,0,False,0,False,0.8796,55,6,True,False,0.8946,54,21,0,0.5869
66,"Rural Road 66 (Krishna, Andhra Pradesh)",Rural Road,Andhra Pradesh,Krishna,13.078281,79.895997,44.63,2431,2023-02-06,2026-07-06,Compensation Disbursement,Cancelled,SYNTHETIC_DEMO,0.53,medium,646,388,0.724,0.546,114,0,False,0,False,0.7616,54,2,True,True,0.3515,10,46,0,0.535
67,"SC Mission 67 (Dausa, Rajasthan)",Smart City,Rajasthan,Dausa,27.462588,72.7698,22.23,560,2020-11-30,2025-09-21,Award Declaration,Planning,SYNTHETIC_DEMO,0.2725,low,193,0,0.5906,0.4387,165,0,False,0,False,0.6198,49,9,True,True,0.1534,62,60,0,0.2855
68,"Port Connectivity 68 (Visakhapatnam, Andhra Pradesh)",Port Connectivity,Andhra Pradesh,Visakhapatnam,14.700698,78.729518,134.58,2142,2020-02-16,2021-10-05,Notification u/s 11,Cancelled,SYNTHETIC_DEMO,0.3101,low,56,0,0.2971,0.2525,114,0,False,0,False,0.5287,78,4,True,True,0.9986,30,7,0,0.1679
69,"Rail Line 69 (Pune, Maharashtra)",Railway Line,Maharashtra,Pune,21.789148,80.392597,426.42,1436,2021-04-05,2026-01-01,Rehabilitation,Planning,SYNTHETIC_DEMO,0.3932,low,385,113,0.9169,0.7931,130,0,False,0,False,0.5345,25,2,True,True,0.494,51,35,0.5723,0.3337
70,"SH 70 (Rajkot, Gujarat)",State Highway,Gujarat,Rajkot,23.226201,71.111323,227.74,4248,2021-01-25,2024-05-15,SIA Approved,On Hold,SYNTHETIC_DEMO,0.2194,low,449,181,0.1897,0.137,32,0,False,0,False,0.9268,99,8,True,True,0.182,21,27,0,0.3514
71,"City Infra 71 (Bengaluru Rural, Karnataka)",Urban Infrastructure,Karnataka,Bengaluru Rural,13.129313,77.191995,66.96,2490,2020-11-04,2023-10-13,Notification u/s 11,On Hold,SYNTHETIC_DEMO,0.2494,low,561,224,0.329,0.3138,136,0,False,0,False,0.4561,82,2,True,True,0.5806,26,42,0,0.4122
72,"National Highway 72 (Dausa, Rajasthan)",National Highway,Rajasthan,Dausa,27.490176,74.690941,445.05,4479,2023-10-08,2028-06-01,SIA Initiated,Planning,SYNTHETIC_DEMO,0.0636,low,245,0,0.0534,0.044,164,0,False,0,False,0.974,61,3,False,False,0.685,43,29,0,0.1365
73,"Rural Road 73 (Bengaluru Urban, Karnataka)",Rural Road,Karnataka,Bengaluru Urban,13.190674,74.646509,381.53,4228,2023-07-03,2026-04-16,Possession Handover,Completed,SYNTHETIC_DEMO,0.4393,medium,0,0,0.7968,0.7636,143,0,False,0,False,0.4637,30,7,True,True,0.4496,23,6,0.0506,0.5727
74,"Rail Line 74 (Medchal-Malkajgiri, Telangana)",Railway Line,Telangana,Medchal-Malkajgiri,16.259336,77.717041,483.51,1772,2021-04-04,2025-02-21,Compensation Disbursement,Cancelled,SYNTHETIC_DEMO,0.6663,medium,508,179,0.6248,0.4952,90,4,True,1,False,0.5688,76,10,True,True,0.2857,6,54,0,0.1537
75,"Ind Corridor 75 (Surat, Gujarat)",Industrial Corridor,Gujarat,Surat,20.23021,71.65181,413.53,983,2022-08-14,2025-08-25,Possession Handover,On Hold,SYNTHETIC_DEMO,0.3136,low,596,384,0.7077,0.5774,24,0,False,0,False,0.6363,101,5,True,True,0.3656,23,12,0.6025,0.3007
76,"National Highway 76 (Bengaluru Rural, Karnataka)",National Highway,Karnataka,Bengaluru Rural,13.817664,74.670233,298.89,4165,2021-07-31,2025-06-20,Notification u/s 11,On Hold,SYNTHETIC_DEMO,0.4412,medium,173,0,0.2156,0.1906,136,0,False,0,False,0.6939,72,4,True,True,0.0166,47,43,0,0.1548
77,"E-way 77 (Medak, Telangana)",Expressway,Telangana,Medak,19.368283,80.523068,78.15,1994,2023-08-28,2027-11-24,SIA Initiated,Cancelled,SYNTHETIC_DEMO,0.1924,low,621,433,0,0,146,0,False,0,False,0.9689,14,3,False,True,0.3137,24,26,0,0.4453
78,"Port Link 78 (Medak, Telangana)",Port Connectivity,Telangana,Medak,17.574733,79.52399,275.41,2175,2021-10-31,2026-07-18,Rehabilitation,Planning,SYNTHETIC_DEMO,0.3617,low,519,183,0.8801,0.6989,123,0,False,0,False,0.5154,31,4,True,True,0.2249,43,49,0.289,0.2036
79,"PMGSY 79 (Srikakulam, Andhra Pradesh)",Rural Road,Andhra Pradesh,Srikakulam,18.067837,78.68766,477.53,1209,2021-01-21,2022-09-27,Compensation Disbursement,Cancelled,SYNTHETIC_DEMO,0.7301,high,617,363,0.6603,0.5374,10,0,False,0,False,0.5726,91,1,True,True,0.4424,37,47,0,0.3395
80,"Expressway 80 (Hapur, Uttar Pradesh)",Expressway,Uttar Pradesh,Hapur,28.001901,81.401229,54.6,2715,2020-12-26,2023-05-06,Completed,On Hold,SYNTHETIC_DEMO,0.01,low,81,0,1,0.8593,120,0,False,0,False,0.4603,98,2,True,True,0.5504,25,26,0.6529,0.5403
81,"Metro 81 (East Godavari, Andhra Pradesh)",Metro Rail,Andhra Pradesh,East Godavari,12.914138,82.6498,457.05,1444,2022-03-30,2026-11-24,Award Declaration,On Hold,SYNTHETIC_DEMO,0.3356,low,617,331,0.4464,0.4114,45,0,False,0,False,0.9604,4,6,True,False,0.1863,42,56,0,0.1187
82,"Port Connectivity 82 (Namakkal, Tamil Nadu)",Port Connectivity,Tamil Nadu,Namakkal,13.440047,78.444852,168.69,3769,2021-01-18,2024-10-25,SIA Approved,On Hold,SYNTHETIC_DEMO,0.1854,low,167,0,0.1952,0.1641,65,0,False,0,False,0.8312,1,5,True,False,0.5678,29,11,0,0.4055
83,"City Infra 83 (Yadadri Bhuvanagiri, Telangana)",Urban Infrastructure,Telangana,Yadadri Bhuvanagiri,15.88154,81.417583,378.11,2710,2022-05-03,2026-01-04,Compensation Disbursement,Planning,SYNTHETIC_DEMO,0.5702,medium,361,104,0.7122,0.5,149,0,False,0,False,0.8337,1,4,True,True,0.6928,12,42,0,0.1591
84,"SC Mission 84 (Tiruppur, Tamil Nadu)",Smart City,Tamil Nadu,Tiruppur,11.512912,80.23286,375.13,4972,2023-08-03,2026-08-24,Completed,On Hold,SYNTHETIC_DEMO,0.1071,low,659,384,0.9442,0.9321,106,0,False,0,False,0.8212,116,7,True,False,0.802,32,48,0.2475,0.4774
85,"PMGSY 85 (Nashik, Maharashtra)",Rural Road,Maharashtra,Nashik,19.167097,72.994064,62.54,1692,2021-08-06,2025-08-31,Completed,On Hold,SYNTHETIC_DEMO,0.01,low,547,184,0.9404,0.8097,149,0,False,0,False,0.6933,115,8,True,True,0.0556,21,32,0.4154,0.382
86,"Expressway 86 (Krishna, Andhra Pradesh)",Expressway,Andhra Pradesh,Krishna,12.521108,78.24321,493.14,3877,2020-11-16,2022-04-14,SIA Initiated,Completed,SYNTHETIC_DEMO,0.1263,low,0,0,0,0,8,19,True,4,False,0.508,17,10,False,False,0.6459,58,23,0,0.5964
87,"Smart City 87 (Yadadri Bhuvanagiri, Telangana)",Smart City,Telangana,Yadadri Bhuvanagiri,18.14717,79.426851,365.29,1834,2023-12-27,2028-08-25,Possession Handover,Planning,SYNTHETIC_DEMO,0.5048,medium,386,206,0.6737,0.6723,5,0,False,0,False,0.9871,59,10,True,False,0.4241,53,52,0.2297,0.3303
88,"Metro 88 (Surat, Gujarat)",Metro Rail,Gujarat,Surat,21.886583,72.979348,126.14,372,2022-01-13,2023-02-14,SIA Approved,Planning,SYNTHETIC_DEMO,0.3428,low,276,0,0.0662,0.0484,112,15,True,5,False,0.5304,110,0,True,True,0.9935,34,52,0,0.5582
89,"Port Connectivity 89 (Dausa, Rajasthan)",Port Connectivity,Rajasthan,Dausa,24.002823,75.441912,314.87,3509,2020-05-12,2022-08-07,Compensation Disbursement,In Progress,SYNTHETIC_DEMO,0.5405,medium,453,131,0.5851,0.4203,126,0,False,0,False,0.4281,44,10,True,True,0.7858,45,44,0,0.3082
90,"SC Mission 90 (Surat, Gujarat)",Smart City,Gujarat,Surat,23.822034,69.954787,280.86,1108,2020-03-09,2025-02-25,Notification u/s 11,Cancelled,SYNTHETIC_DEMO,0.3421,low,177,0,0.3112,0.3032,62,0,False,0,False,0.553,42,10,True,True,0.4498,52,5,0,0.3678
91,"E-way 91 (Meerut, Uttar Pradesh)",Expressway,Uttar Pradesh,Meerut,29.678533,78.411225,155.08,135,2020-06-09,2024-09-24,Possession Handover,Cancelled,SYNTHETIC_DEMO,0.4809,medium,717,483,0.7618,0.6428,48,0,False,0,False,0.9772,15,7,True,False,0.6956,31,25,0.9151,0.376
92,"PMGSY 92 (Salem, Tamil Nadu)",Rural Road,Tamil Nadu,Salem,9.978045,79.972654,457.59,3046,2022-07-05,2026-02-13,Completed,On Hold,SYNTHETIC_DEMO,0.01,low,130,0,1,0.9167,105,0,False,0,False,0.4274,110,3,True,False,0.0162,75,59,0.584,0.46
93,"Metro Rail 93 (Tiruppur, Tamil Nadu)",Metro Rail,Tamil Nadu,Tiruppur,12.583495,78.246857,233.11,2895,2023-03-02,2027-11-01,Compensation Disbursement,In Progress,SYNTHETIC_DEMO,0.564,medium,375,152,0.5765,0.5456,35,0,False,0,False,0.8322,62,2,True,False,0.5421,87,3,0,0.362
94,"National Highway 94 (Ahmednagar, Maharashtra)",National Highway,Maharashtra,Ahmednagar,19.599561,73.043744,331.35,138,2021-09-08,2023-07-14,SIA Initiated,Completed,SYNTHETIC_DEMO,0.0912,low,0,0,0,0,1,0,False,0,False,0.7193,52,0,False,True,0.7222,73,18,0,0.1086
95,"State Highway 95 (Medchal-Malkajgiri, Telangana)",State Highway,Telangana,Medchal-Malkajgiri,16.267728,79.369052,284.68,1860,2020-04-02,2023-03-28,SIA Approved,Cancelled,SYNTHETIC_DEMO,0.1447,low,303,47,0.184,0.1332,175,0,False,0,False,0.8968,10,10,True,False,0.6499,9,5,0,0.3026
96,"Rural Road 96 (Medak, Telangana)",Rural Road,Telangana,Medak,15.830744,80.803984,118.73,4653,2021-07-11,2026-02-20,SIA Initiated,Planning,SYNTHETIC_DEMO,0.2609,low,369,68,0.0132,0.0126,69,3,True,1,False,0.8107,35,8,False,True,0.0329,45,1,0,0.5807
97,"Smart City 97 (Bhavnagar, Gujarat)",Smart City,Gujarat,Bhavnagar,21.082125,73.425229,396.3,652,2023-12-25,2027-02-28,SIA Approved,On Hold,SYNTHETIC_DEMO,0.1487,low,723,415,0.2043,0.1633,88,0,False,0,False,0.4322,55,3,True,False,0.3406,83,38,0,0.2984
98,"Expressway 98 (Jaipur, Rajasthan)",Expressway,Rajasthan,Jaipur,26.871264,72.878843,357.99,682,2022-02-11,2024-02-26,Rehabilitation,Completed,SYNTHETIC_DEMO,0.2184,low,0,0,0.9109,0.8182,68,10,True,4,False,0.827,81,2,True,False,0.3167,18,5,0.0052,0.2541
99,"State Highway 99 (Ajmer, Rajasthan)",State Highway,Rajasthan,Ajmer,26.141906,74.49266,432.54,111,2023-11-18,2027-03-02,Notification u/s 11,Planning,SYNTHETIC_DEMO,0.2562,low,135,0,0.1553,0.1252,105,25,True,1,False,0.8349,71,3,True,True,0.1696,53,10,0,0.1694
100,"Rural Road 100 (Erode, Tamil Nadu)",Rural Road,Tamil Nadu,Erode,9.51779,77.348885,231.64,1119,2023-06-10,2024-11-13,Notification u/s 11,Planning,SYNTHETIC_DEMO,0.2502,low,399,142,0.2003,0.1551,1,0,False,0,False,0.9693,42,9,True,True,0.8622,61,21,0,0.3153
101,"Industrial Corridor 101 (Surat, Gujarat)",Industrial Corridor,Gujarat,Surat,24.340586,74.296714,166.31,2306,2020-01-17,2022-09-04,Objection Hearing,Completed,SYNTHETIC_DEMO,0.4443,medium,0,0,0.422,0.3755,100,0,False,0,False,0.619,119,9,True,True,0.9973,28,43,0,0.4838
102,"PMGSY 102 (Chikkaballapura, Karnataka)",Rural Road,Karnataka,Chikkaballapura,14.909486,74.311214,331.04,3476,2022-11-18,2026-03-04,Objection Hearing,Completed,SYNTHETIC_DEMO,0.5893,medium,0,0,0.4096,0.3038,96,0,False,0,False,0.4444,76,7,True,True,0.5344,58,34,0,0.1184
103,"City Infra 103 (Sikar, Rajasthan)",Urban Infrastructure,Rajasthan,Sikar,27.603212,72.695079,483.57,2726,2022-09-22,2027-05-09,SIA Approved,Planning,SYNTHETIC_DEMO,0.3307,low,657,367,0.0339,0.0337,27,0,False,0,False,0.4063,33,3,True,True,0.5188,79,44,0,0.3876
104,"Smart City 104 (Srikakulam, Andhra Pradesh)",Smart City,Andhra Pradesh,Srikakulam,13.555215,84.481622,177.42,2820,2022-02-22,2025-11-06,Rehabilitation,Cancelled,SYNTHETIC_DEMO,0.3571,low,137,0,0.8341,0.8142,52,34,True,4,False,0.609,12,7,True,False,0.4524,13,19,0.0447,0.4554
105,"State Highway 105 (Mysuru, Karnataka)",State Highway,Karnataka,Mysuru,13.931686,75.489453,200.81,1626,2021-01-24,2024-06-15,Notification u/s 11,In Progress,SYNTHETIC_DEMO,0.3548,low,503,208,0.1964,0.1613,151,0,False,0,False,0.6577,0,3,True,True,0.7523,13,36,0,0.1509
106,"Industrial Corridor 106 (Surat, Gujarat)",Industrial Corridor,Gujarat,Surat,23.018156,71.181646,177.22,3760,2022-07-24,2027-02-21,Objection Hearing,Completed,SYNTHETIC_DEMO,0.3842,low,0,0,0.3377,0.2757,158,0,False,0,False,0.5035,86,4,True,False,0.5902,22,20,0,0.1589
107,"Railway 107 (Coimbatore, Tamil Nadu)",Railway Line,Tamil Nadu,Coimbatore,10.300315,76.620403,279.68,4021,2020-06-11,2023-08-05,Compensation Disbursement,In Progress,SYNTHETIC_DEMO,0.6032,medium,463,210,0.5622,0.5007,35,0,False,0,False,0.5123,107,7,True,True,0.8655,6,31,0,0.1683
108,"Urban Infra 108 (Medak, Telangana)",Urban Infrastructure,Telangana,Medak,17.162522,80.779513,149.58,2261,2021-09-26,2025-06-22,Rehabilitation,Completed,SYNTHETIC_DEMO,0.3554,low,0,0,0.8085,0.703,57,0,False,0,False,0.7226,21,7,True,True,0.7725,68,35,0.5108,0.3864
109,"Industrial Corridor 109 (Namakkal, Tamil Nadu)",Industrial Corridor,Tamil Nadu,Namakkal,10.427516,76.983439,227.62,2865,2021-10-24,2025-03-12,Completed,Planning,SYNTHETIC_DEMO,0.128,low,134,0,1,0.8961,112,0,False,0,False,0.9192,15,3,True,True,0.7376,49,55,0.7108,0.4164
110,"Rail Line 110 (Rajkot, Gujarat)",Railway Line,Gujarat,Rajkot,22.565335,71.459825,476.44,4224,2023-10-24,2028-02-27,Objection Hearing,In Progress,SYNTHETIC_DEMO,0.5916,medium,581,228,0.3087,0.3067,24,0,False,0,False,0.4814,96,6,True,False,0.9925,88,8,0,0.4507
111,"Railway 111 (Gandhinagar, Gujarat)",Railway Line,Gujarat,Gandhinagar,23.043055,71.181482,204.41,2289,2023-07-02,2027-09-26,Compensation Disbursement,In Progress,SYNTHETIC_DEMO,0.6784,medium,677,320,0.5787,0.477,94,0,False,0,False,0.6728,62,5,True,True,0.8689,16,46,0,0.5861
112,"City Infra 112 (Jaipur, Rajasthan)",Urban Infrastructure,Rajasthan,Jaipur,28.773934,73.952435,395.21,406,2021-01-19,2023-11-11,Possession Handover,In Progress,SYNTHETIC_DEMO,0.5904,medium,320,129,0.7176,0.6267,25,0,False,0,False,0.7757,107,7,True,True,0.9294,25,28,0.4565,0.5959
113,"Railway 113 (Medchal-Malkajgiri, Telangana)",Railway Line,Telangana,Medchal-Malkajgiri,19.00638,77.42003,201.19,2512,2021-12-31,2025-01-07,Award Declaration,In Progress,SYNTHETIC_DEMO,0.5123,medium,286,0,0.4165,0.3746,179,0,False,0,False,0.8531,54,10,True,True,0.0952,32,30,0,0.139
114,"Rural Road 114 (Hapur, Uttar Pradesh)",Rural Road,Uttar Pradesh,Hapur,29.311209,84.411162,160.11,2461,2020-09-17,2024-01-29,SIA Initiated,Planning,SYNTHETIC_DEMO,0.2587,low,165,0,0,0,97,50,True,2,False,0.7849,86,2,False,True,0.5633,83,41,0,0.1821
115,"Metro Rail 115 (Sikar, Rajasthan)",Metro Rail,Rajasthan,Sikar,26.096687,71.455202,481.81,2586,2023-08-25,2025-03-17,Notification u/s 11,Completed,SYNTHETIC_DEMO,0.3848,low,0,0,0.178,0.1312,35,0,False,0,False,0.5487,82,1,True,True,0.601,82,18,0,0.4895
116,"E-way 116 (Chikkaballapura, Karnataka)",Expressway,Karnataka,Chikkaballapura,12.660263,75.76288,60.81,4102,2023-06-24,2028-02-06,Objection Hearing,Cancelled,SYNTHETIC_DEMO,0.5321,medium,85,0,0.4318,0.405,152,0,False,0,False,0.4426,113,0,True,False,0.9339,21,24,0,0.5304
117,"City Infra 117 (Sangareddy, Telangana)",Urban Infrastructure,Telangana,Sangareddy,18.581468,77.075102,255.77,4114,2021-03-11,2022-07-27,Notification u/s 11,Completed,SYNTHETIC_DEMO,0.4863,medium,0,0,0.1528,0.1168,106,0,False,0,False,0.6541,51,1,True,True,0.5377,24,17,0,0.1418
118,"Metro 118 (Nashik, Maharashtra)",Metro Rail,Maharashtra,Nashik,19.311842,78.605793,33.66,716,2022-07-21,2027-03-12,Notification u/s 11,Cancelled,SYNTHETIC_DEMO,0.298,low,727,436,0.2786,0.221,29,0,False,0,False,0.672,77,0,True,True,0.7417,27,7,0,0.1063
119,"National Highway 119 (Bhavnagar, Gujarat)",National Highway,Gujarat,Bhavnagar,22.353524,73.089416,367.8,977,2022-06-08,2024-11-19,Notification u/s 11,Completed,SYNTHETIC_DEMO,0.4859,medium,0,0,0.1834,0.1354,7,0,False,0,False,0.601,54,4,True,True,0.2629,78,40,0,0.1385
120,"Industrial Corridor 120 (West Godavari, Andhra Pradesh)",Industrial Corridor,Andhra Pradesh,West Godavari,13.66817,77.75848,26.8,110,2020-08-11,2022-03-09,SIA Initiated,Completed,SYNTHETIC_DEMO,0.3078,low,0,0,0.0789,0.0711,62,3,True,4,False,0.6184,117,2,False,True,0.9603,9,35,0,0.5016
121,"Industrial Corridor 121 (Medchal-Malkajgiri, Telangana)",Industrial Corridor,Telangana,Medchal-Malkajgiri,16.779741,80.716986,115.48,4235,2023-01-18,2027-04-02,Objection Hearing,Completed,SYNTHETIC_DEMO,0.6248,medium,0,0,0.3496,0.2973,11,0,False,0,False,0.9724,8,7,True,False,0.7735,44,20,0,0.1432
122,"Industrial Corridor 122 (Visakhapatnam, Andhra Pradesh)",Industrial Corridor,Andhra Pradesh,Visakhapatnam,14.627365,81.48174,367.57,4487,2022-02-26,2025-10-03,Objection Hearing,On Hold,SYNTHETIC_DEMO,0.5191,medium,407,165,0.3933,0.3336,38,0,False,0,False,0.4038,52,0,True,True,0.3464,6,60,0,0.2675
123,"E-way 123 (Siddipet, Telangana)",Expressway,Telangana,Siddipet,16.45267,79.21413,351.92,3061,2023-02-10,2024-06-11,SIA Approved,In Progress,SYNTHETIC_DEMO,0.2589,low,175,0,0.1673,0.1218,21,0,False,0,False,0.7485,64,2,True,True,0.3944,80,36,0,0.1311
124,"Expressway 124 (Gandhinagar, Gujarat)",Expressway,Gujarat,Gandhinagar,21.768287,73.407349,391.07,4799,2022-02-13,2024-12-12,Award Declaration,On Hold,SYNTHETIC_DEMO,0.5278,medium,355,148,0.4906,0.3778,39,0,False,0,False,0.4634,57,7,True,True,0.1207,50,49,0,0.2038
125,"Expressway 125 (Salem, Tamil Nadu)",Expressway,Tamil Nadu,Salem,11.773302,79.71874,357.02,2924,2020-01-01,2024-11-27,SIA Approved,Planning,SYNTHETIC_DEMO,0.1473,low,647,366,0.0331,0.0314,131,0,False,0,False,0.4294,38,4,True,False,0.1739,56,54,0,0.3261
126,"Rural Road 126 (Meerut, Uttar Pradesh)",Rural Road,Uttar Pradesh,Meerut,24.40085,82.8572,293.25,2130,2021-04-18,2023-07-17,SIA Approved,In Progress,SYNTHETIC_DEMO,0.1364,low,163,0,0.0646,0.053,5,0,False,0,False,0.9983,25,10,True,True,0.1288,47,7,0,0.1213
127,"Railway 127 (Visakhapatnam, Andhra Pradesh)",Railway Line,Andhra Pradesh,Visakhapatnam,15.179106,79.913312,22.15,2023,2020-01-29,2023-01-22,Possession Handover,Completed,SYNTHETIC_DEMO,0.4488,medium,0,0,0.6929,0.524,165,0,False,0,False,0.5771,52,8,True,True,0.0877,54,8,0.4192,0.4213
128,"City Infra 128 (Baghpat, Uttar Pradesh)",Urban Infrastructure,Uttar Pradesh,Baghpat,26.334229,81.083884,94.01,2622,2023-09-18,2027-06-06,SIA Initiated,Completed,SYNTHETIC_DEMO,0.2846,low,0,0,0,0,152,0,False,0,False,0.5314,114,4,False,True,0.9915,72,22,0,0.4834
129,"SH 129 (Ghaziabad, Uttar Pradesh)",State Highway,Uttar Pradesh,Ghaziabad,29.305854,83.879446,92.17,4863,2023-07-06,2024-10-27,Objection Hearing,In Progress,SYNTHETIC_DEMO,0.43,medium,254,0,0.3901,0.3881,178,0,False,0,False,0.6153,75,0,True,False,0.3517,77,36,0,0.1711
130,"Urban Infra 130 (Bulandshahr, Uttar Pradesh)",Urban Infrastructure,Uttar Pradesh,Bulandshahr,24.586673,78.744675,404.19,2801,2023-04-29,2025-07-20,Award Declaration,In Progress,SYNTHETIC_DEMO,0.3971,low,50,0,0.5053,0.3538,45,0,False,0,False,0.9513,108,5,True,True,0.1477,23,49,0,0.1555
131,"Industrial Corridor 131 (Jaipur, Rajasthan)",Industrial Corridor,Rajasthan,Jaipur,25.112356,70.728065,355.06,4613,2021-03-24,2023-02-09,Possession Handover,Cancelled,SYNTHETIC_DEMO,0.3303,low,477,120,0.8084,0.7988,157,0,False,0,False,0.8722,28,10,True,True,0.1754,44,46,0.6885,0.1637
132,"Port Link 132 (Chikkaballapura, Karnataka)",Port Connectivity,Karnataka,Chikkaballapura,14.10836,78.144672,373.94,1959,2020-03-25,2024-08-28,Possession Handover,Cancelled,SYNTHETIC_DEMO,0.3097,low,256,0,0.7779,0.5688,81,0,False,0,False,0.5007,113,1,True,False,0.67,47,28,0.0114,0.2048
133,"Expressway 133 (Raigad, Maharashtra)",Expressway,Maharashtra,Raigad,18.348431,75.857226,415.26,4745,2023-07-05,2025-06-09,SIA Approved,Planning,SYNTHETIC_DEMO,0.1144,low,453,107,0.1236,0.1006,175,0,False,0,False,0.5353,57,1,True,False,0.0334,7,20,0,0.2306
134,"Industrial Corridor 134 (Thane, Maharashtra)",Industrial Corridor,Maharashtra,Thane,15.987516,80.034673,218.51,1361,2023-10-14,2025-04-21,Notification u/s 11,Completed,SYNTHETIC_DEMO,0.2483,low,0,0,0.2176,0.2166,155,0,False,0,False,0.9339,20,0,True,True,0.2056,29,26,0,0.4486
135,"E-way 135 (Karur, Tamil Nadu)",Expressway,Tamil Nadu,Karur,10.160962,78.473482,103.84,220,2020-05-05,2024-02-04,Award Declaration,In Progress,SYNTHETIC_DEMO,0.2788,low,187,0,0.4109,0.2881,43,41,True,3,False,0.9862,60,1,True,True,0.3975,67,57,0,0.4305
136,"Urban Infra 136 (Ahmednagar, Maharashtra)",Urban Infrastructure,Maharashtra,Ahmednagar,17.979394,73.992664,79.81,802,2021-12-10,2023-03-11,Possession Handover,In Progress,SYNTHETIC_DEMO,0.4113,medium,299,98,0.7379,0.5749,171,0,False,0,False,0.6063,69,6,True,False,0.5897,75,3,0.8408,0.5092
137,"Rural Road 137 (Medak, Telangana)",Rural Road,Telangana,Medak,17.079217,80.842729,64.54,3688,2020-04-11,2021-06-21,Objection Hearing,Completed,SYNTHETIC_DEMO,0.4397,medium,0,0,0.3754,0.3642,44,0,False,0,False,0.9694,21,3,True,False,0.1262,59,5,0,0.5941
138,"Rail Line 138 (Medchal-Malkajgiri, Telangana)",Railway Line,Telangana,Medchal-Malkajgiri,19.156696,77.301554,459.0,111,2023-01-15,2026-03-19,Award Declaration,On Hold,SYNTHETIC_DEMO,0.5232,medium,599,240,0.4795,0.3825,159,0,False,0,False,0.7525,100,6,True,True,0.1496,77,37,0,0.3913
139,"Port Connectivity 139 (Thane, Maharashtra)",Port Connectivity,Maharashtra,Thane,21.220883,79.523149,141.33,1188,2023-01-23,2025-07-16,SIA Approved,On Hold,SYNTHETIC_DEMO,0.3602,low,422,84,0.156,0.1359,155,0,False,0,False,0.8085,51,0,True,True,0.879,35,3,0,0.4729
140,"National Highway 140 (Erode, Tamil Nadu)",National Highway,Tamil Nadu,Erode,12.635656,79.862057,388.15,2638,2020-07-06,2025-05-08,Compensation Disbursement,On Hold,SYNTHETIC_DEMO,0.5433,medium,130,0,0.7195,0.5529,106,0,False,0,False,0.763,11,3,True,True,0.9134,57,47,0,0.3422
141,"Urban Infra 141 (Jaipur, Rajasthan)",Urban Infrastructure,Rajasthan,Jaipur,26.547567,70.720848,128.5,3749,2021-11-24,2025-11-01,Notification u/s 11,Planning,SYNTHETIC_DEMO,0.2933,low,612,420,0.1558,0.1181,92,0,False,0,False,0.8228,35,5,True,False,0.5051,86,59,0,0.1619
142,"Industrial Corridor 142 (Bengaluru Urban, Karnataka)",Industrial Corridor,Karnataka,Bengaluru Urban,15.361821,76.13562,146.11,3176,2022-03-13,2026-04-15,Rehabilitation,Cancelled,SYNTHETIC_DEMO,0.2838,low,388,196,0.8438,0.8028,41,0,False,0,False,0.9123,99,3,True,False,0.6474,31,17,0.6516,0.3566
143,"Rail Line 143 (Mandya, Karnataka)",Railway Line,Karnataka,Mandya,12.783195,76.737547,129.74,3833,2021-01-21,2023-10-08,Notification u/s 11,Cancelled,SYNTHETIC_DEMO,0.4403,medium,688,431,0.2051,0.1986,173,0,False,0,False,0.7124,79,6,True,True,0.0073,89,53,0,0.5197
144,"SH 144 (Erode, Tamil Nadu)",State Highway,Tamil Nadu,Erode,9.520658,77.463117,79.22,1978,2023-06-27,2026-01-14,Rehabilitation,Planning,SYNTHETIC_DEMO,0.2509,low,297,103,0.9062,0.8932,153,0,False,0,False,0.6425,40,10,True,True,0.0255,68,18,0.2594,0.3093
145,"NH 145 (Siddipet, Telangana)",National Highway,Telangana,Siddipet,16.389453,79.405858,150.42,3866,2021-09-09,2025-05-10,Objection Hearing,On Hold,SYNTHETIC_DEMO,0.568,medium,717,505,0.3467,0.2739,66,0,False,0,False,0.8351,71,2,True,False,0.8996,88,5,0,0.2111
146,"Expressway 146 (Baghpat, Uttar Pradesh)",Expressway,Uttar Pradesh,Baghpat,27.80621,80.478205,238.75,1603,2020-11-05,2022-07-04,Possession Handover,On Hold,SYNTHETIC_DEMO,0.4115,medium,511,203,0.6607,0.5883,30,0,False,0,False,0.9205,48,8,True,True,0.0541,24,8,0.9923,0.2713
147,"Industrial Corridor 147 (Vizianagaram, Andhra Pradesh)",Industrial Corridor,Andhra Pradesh,Vizianagaram,16.917229,77.914594,290.26,1307,2022-02-26,2026-09-17,Notification u/s 11,Planning,SYNTHETIC_DEMO,0.3463,low,89,0,0.1509,0.118,22,0,False,0,False,0.4776,55,10,True,True,0.429,66,24,0,0.1023
148,"Ind Corridor 148 (Baghpat, Uttar Pradesh)",Industrial Corridor,Uttar Pradesh,Baghpat,27.45172,77.134371,68.82,3152,2022-12-01,2023-12-09,SIA Initiated,On Hold,SYNTHETIC_DEMO,0.2771,low,671,363,0.0467,0.0359,150,0,False,0,False,0.5837,8,0,False,True,0.2908,71,38,0,0.3621
149,"Railway 149 (Siddipet, Telangana)",Railway Line,Telangana,Siddipet,16.253704,81.26638,368.37,4840,2020-10-20,2024-01-24,Compensation Disbursement,Completed,SYNTHETIC_DEMO,0.5578,medium,0,0,0.5288,0.4058,129,0,False,0,False,0.5014,46,10,True,False,0.3752,86,16,0,0.4856
150,"NH 150 (Tumakuru, Karnataka)",National Highway,Karnataka,Tumakuru,12.405264,75.999414,154.05,837,2021-03-31,2022-12-09,SIA Approved,Planning,SYNTHETIC_DEMO,0.1145,low,590,241,0.0755,0.0688,133,0,False,0,False,0.562,77,2,True,True,0.8986,70,46,0,0.4088
151,"SH 151 (Coimbatore, Tamil Nadu)",State Highway,Tamil Nadu,Coimbatore,12.278774,79.741745,345.66,3947,2023-12-23,2026-02-08,Rehabilitation,In Progress,SYNTHETIC_DEMO,0.3327,low,396,132,0.9157,0.7221,60,1,True,1,False,0.803,116,1,True,False,0.669,24,60,0.0901,0.3559
152,"Metro 152 (Raigad, Maharashtra)",Metro Rail,Maharashtra,Raigad,15.825521,79.005427,52.02,385,2022-08-06,2023-10-25,Rehabilitation,On Hold,SYNTHETIC_DEMO,0.2292,low,327,145,0.847,0.7649,35,0,False,0,False,0.798,21,5,True,True,0.4377,84,17,0.8785,0.1465
153,"SH 153 (Alwar, Rajasthan)",State Highway,Rajasthan,Alwar,24.902832,72.971439,70.59,490,2021-10-01,2025-06-06,Possession Handover,Completed,SYNTHETIC_DEMO,0.5887,medium,0,0,0.81,0.7247,40,0,False,0,False,0.4622,116,9,True,True,0.5689,61,11,0.6113,0.4896
154,"Railway 154 (Chikkaballapura, Karnataka)",Railway Line,Karnataka,Chikkaballapura,13.439495,74.206875,489.06,2781,2022-01-25,2024-07-13,Rehabilitation,Completed,SYNTHETIC_DEMO,0.1839,low,0,0,0.906,0.6376,132,0,False,0,False,0.7139,89,9,True,True,0.6617,36,30,0.3457,0.4381
155,"City Infra 155 (Medchal-Malkajgiri, Telangana)",Urban Infrastructure,Telangana,Medchal-Malkajgiri,16.127709,80.819805,29.92,1834,2020-06-25,2024-04-05,SIA Initiated,Planning,SYNTHETIC_DEMO,0.243,low,199,0,0,0,164,0,False,0,False,0.6272,104,3,False,True,0.4442,78,28,0,0.144
156,"Ind Corridor 156 (East Godavari, Andhra Pradesh)",Industrial Corridor,Andhra Pradesh,East Godavari,12.624384,79.727517,445.6,4616,2020-11-24,2022-02-05,SIA Approved,Completed,SYNTHETIC_DEMO,0.3236,low,0,0,0.1364,0.0955,52,42,True,4,False,0.9702,46,0,True,False,0.8443,47,35,0,0.4837
157,"Industrial Corridor 157 (Krishna, Andhra Pradesh)",Industrial Corridor,Andhra Pradesh,Krishna,17.112372,76.517576,27.66,1354,2021-05-08,2024-05-04,Rehabilitation,Planning,SYNTHETIC_DEMO,0.1792,low,678,372,0.9679,0.7623,35,0,False,0,False,0.8931,95,6,True,True,0.6109,29,7,0.9302,0.2964
158,"Industrial Corridor 158 (Vizianagaram, Andhra Pradesh)",Industrial Corridor,Andhra Pradesh,Vizianagaram,16.932683,81.877134,482.11,45,2022-05-08,2024-01-15,SIA Approved,Completed,SYNTHETIC_DEMO,0.114,low,0,0,0.1794,0.1499,135,0,False,0,False,0.8417,70,6,True,False,0.4829,70,49,0,0.5606
159,"Port Connectivity 159 (Bhavnagar, Gujarat)",Port Connectivity,Gujarat,Bhavnagar,22.958848,71.940045,140.43,2818,2020-12-01,2023-09-21,Notification u/s 11,In Progress,SYNTHETIC_DEMO,0.2311,low,546,291,0.3263,0.2694,115,0,False,0,False,0.8829,17,6,True,True,0.8864,70,19,0,0.5215
160,"City Infra 160 (Sikar, Rajasthan)",Urban Infrastructure,Rajasthan,Sikar,28.000692,75.679502,356.62,2895,2020-11-17,2025-08-25,Objection Hearing,In Progress,SYNTHETIC_DEMO,0.4129,medium,165,0,0.4713,0.4218,122,0,False,0,False,0.7497,120,10,True,False,0.6742,73,18,0,0.5387
161,"City Infra 161 (Rangareddy, Telangana)",Urban Infrastructure,Telangana,Rangareddy,15.71226,77.254721,105.98,4443,2020-04-13,2022-10-11,SIA Approved,Planning,SYNTHETIC_DEMO,0.2143,low,194,6,0.2217,0.2006,91,29,True,1,True,0.7697,86,8,True,False,0.7424,76,24,0,0.2188
162,"National Highway 162 (Karur, Tamil Nadu)",National Highway,Tamil Nadu,Karur,12.334613,79.083169,415.84,3022,2022-07-10,2026-08-13,Possession Handover,Completed,SYNTHETIC_DEMO,0.425,medium,0,0,0.6608,0.6099,150,0,False,0,False,0.728,77,3,True,False,0.9643,42,28,0.1774,0.4413
163,"Urban Infra 163 (Gandhinagar, Gujarat)",Urban Infrastructure,Gujarat,Gandhinagar,21.256005,69.717557,24.77,2652,2020-11-30,2022-10-25,SIA Approved,Completed,SYNTHETIC_DEMO,0.1122,low,0,0,0.1418,0.1101,152,0,False,0,False,0.4305,119,10,True,True,0.6619,67,50,0,0.3863
164,"Industrial Corridor 164 (Jaipur, Rajasthan)",Industrial Corridor,Rajasthan,Jaipur,26.644244,76.576324,333.35,2722,2023-08-14,2025-07-05,Completed,In Progress,SYNTHETIC_DEMO,0.1871,low,455,183,1,0.821,75,0,False,0,False,0.5311,96,9,True,True,0.9966,88,0,0.1147,0.273
165,"Port Link 165 (Baghpat, Uttar Pradesh)",Port Connectivity,Uttar Pradesh,Baghpat,26.086091,83.869493,259.58,4177,2023-06-09,2025-01-26,Objection Hearing,Planning,SYNTHETIC_DEMO,0.5548,medium,425,131,0.3263,0.2993,124,3,True,3,False,0.939,24,5,True,True,0.9482,26,49,0,0.369
166,"SH 166 (Chikkaballapura, Karnataka)",State Highway,Karnataka,Chikkaballapura,13.484733,74.467671,16.76,2727,2020-04-13,2024-04-18,Objection Hearing,In Progress,SYNTHETIC_DEMO,0.6095,medium,475,286,0.4043,0.397,22,0,False,0,False,0.4439,22,4,True,True,0.575,34,58,0,0.2293
167,"SC Mission 167 (Yadadri Bhuvanagiri, Telangana)",Smart City,Telangana,Yadadri Bhuvanagiri,18.193195,79.406755,464.38,879,2020-12-13,2025-07-18,Possession Handover,On Hold,SYNTHETIC_DEMO,0.3051,low,663,409,0.6626,0.6121,175,20,True,5,False,0.4519,97,7,True,True,0.8221,8,30,0.1563,0.2099
168,"Expressway 168 (Medak, Telangana)",Expressway,Telangana,Medak,19.156676,80.577577,66.0,51,2022-09-03,2027-04-21,Notification u/s 11,On Hold,SYNTHETIC_DEMO,0.4032,medium,412,86,0.3415,0.2402,152,0,False,0,False,0.6364,70,1,True,True,0.7483,49,13,0,0.3063
169,"Rail Line 169 (Gandhinagar, Gujarat)",Railway Line,Gujarat,Gandhinagar,20.874468,69.178827,324.11,609,2020-11-08,2025-01-12,Objection Hearing,Cancelled,SYNTHETIC_DEMO,0.6004,medium,85,0,0.4453,0.4362,171,0,False,0,False,0.4404,12,3,True,False,0.4872,47,22,0,0.1641
170,"E-way 170 (Meerut, Uttar Pradesh)",Expressway,Uttar Pradesh,Meerut,26.929199,81.622568,88.48,2575,2020-07-12,2023-03-30,SIA Approved,In Progress,SYNTHETIC_DEMO,0.1953,low,628,385,0.0555,0.0483,56,0,False,0,False,0.8273,82,6,True,True,0.3595,47,56,0,0.34
171,"Expressway 171 (Srikakulam, Andhra Pradesh)",Expressway,Andhra Pradesh,Srikakulam,17.018861,77.15579,365.08,162,2023-09-27,2026-04-23,Rehabilitation,Cancelled,SYNTHETIC_DEMO,0.1826,low,173,0,0.9533,0.7235,161,0,False,0,False,0.4187,74,9,True,True,0.59,9,35,0.2606,0.547
172,"Railway 172 (Krishna, Andhra Pradesh)",Railway Line,Andhra Pradesh,Krishna,17.905014,82.365815,333.03,1368,2022-04-13,2024-11-28,Compensation Disbursement,Completed,SYNTHETIC_DEMO,0.517,medium,0,0,0.5518,0.4692,131,9,True,4,False,0.4955,72,9,True,True,0.9677,66,60,0,0.2794
173,"Metro Rail 173 (Bulandshahr, Uttar Pradesh)",Metro Rail,Uttar Pradesh,Bulandshahr,24.278255,78.550806,56.1,4281,2021-11-21,2024-11-29,SIA Approved,On Hold,SYNTHETIC_DEMO,0.2108,low,427,85,0.1189,0.0995,70,48,True,3,False,0.7472,72,2,True,True,0.3785,80,41,0,0.5491
174,"E-way 174 (Nashik, Maharashtra)",Expressway,Maharashtra,Nashik,17.793837,79.441755,86.97,641,2023-02-19,2026-11-12,Possession Handover,In Progress,SYNTHETIC_DEMO,0.4549,medium,523,212,0.8274,0.5808,164,0,False,0,False,0.5685,19,2,True,True,0.602,20,42,0.2303,0.5056
175,"Rural Road 175 (Pune, Maharashtra)",Rural Road,Maharashtra,Pune,19.707185,75.787194,32.68,2125,2023-03-24,2025-08-04,Rehabilitation,In Progress,SYNTHETIC_DEMO,0.3272,low,74,0,0.8006,0.7027,132,26,True,5,False,0.9815,81,0,True,False,0.728,41,60,0.0857,0.3246
176,"Rail Line 176 (East Godavari, Andhra Pradesh)",Railway Line,Andhra Pradesh,East Godavari,18.062312,83.063625,461.56,4896,2020-10-04,2022-10-11,Objection Hearing,Completed,SYNTHETIC_DEMO,0.5303,medium,0,0,0.3996,0.341,151,0,False,0,False,0.4413,48,6,True,True,0.0166,71,55,0,0.5547
177,"Port Connectivity 177 (Medchal-Malkajgiri, Telangana)",Port Connectivity,Telangana,Medchal-Malkajgiri,17.958993,77.175665,449.0,3544,2020-05-21,2024-05-13,SIA Approved,In Progress,SYNTHETIC_DEMO,0.2428,low,545,232,0.1755,0.1277,107,0,False,0,False,0.6222,5,8,True,True,0.9384,66,50,0,0.4843
178,"Port Connectivity 178 (Dausa, Rajasthan)",Port Connectivity,Rajasthan,Dausa,26.339989,71.592616,7.71,68,2021-09-21,2023-03-11,SIA Approved,Completed,SYNTHETIC_DEMO,0.1402,low,0,0,0.0817,0.0786,147,0,False,0,False,0.7135,66,0,True,True,0.2054,45,26,0,0.2811
179,"Port Link 179 (Vadodara, Gujarat)",Port Connectivity,Gujarat,Vadodara,21.906027,70.376687,93.47,4590,2021-09-10,2024-03-27,Award Declaration,On Hold,SYNTHETIC_DEMO,0.5065,medium,726,404,0.4795,0.3649,123,0,False,0,False,0.5523,39,9,True,True,0.7055,22,54,0,0.5319
180,"Metro 180 (Ahmednagar, Maharashtra)",Metro Rail,Maharashtra,Ahmednagar,18.804233,78.788649,403.16,1200,2021-11-12,2025-12-13,Rehabilitation,In Progress,SYNTHETIC_DEMO,0.1801,low,658,358,0.9144,0.834,153,0,False,0,False,0.6612,8,4,True,True,0.08,9,46,0.3843,0.5922
181,"Port Connectivity 181 (Karur, Tamil Nadu)",Port Connectivity,Tamil Nadu,Karur,10.414346,76.907683,309.52,305,2022-11-30,2027-08-06,SIA Initiated,In Progress,SYNTHETIC_DEMO,0.2421,low,560,288,0,0,61,0,False,0,False,0.793,20,1,False,False,0.7797,50,42,0,0.2976
182,"NH 182 (Hapur, Uttar Pradesh)",National Highway,Uttar Pradesh,Hapur,28.719902,81.193354,230.11,3319,2022-09-10,2026-12-16,SIA Approved,Planning,SYNTHETIC_DEMO,0.2649,low,386,59,0.0945,0.0893,1,0,False,0,False,0.5567,52,8,True,True,0.0724,42,21,0,0.5735
183,"Port Connectivity 183 (Namakkal, Tamil Nadu)",Port Connectivity,Tamil Nadu,Namakkal,11.097427,79.464852,243.58,2122,2023-12-07,2026-11-01,Award Declaration,Completed,SYNTHETIC_DEMO,0.5398,medium,0,0,0.5922,0.4961,17,0,False,0,False,0.6296,100,3,True,True,0.2299,45,26,0,0.5777
184,"E-way 184 (Chikkaballapura, Karnataka)",Expressway,Karnataka,Chikkaballapura,14.357943,77.694836,95.48,1567,2020-05-23,2021-10-25,Objection Hearing,On Hold,SYNTHETIC_DEMO,0.3779,low,597,290,0.4613,0.3888,51,0,False,0,False,0.5409,30,4,True,True,0.2028,36,53,0,0.4093
185,"State Highway 185 (Ahmedabad, Gujarat)",State Highway,Gujarat,Ahmedabad,23.439099,71.519581,247.95,4197,2021-08-10,2022-11-04,SIA Approved,Completed,SYNTHETIC_DEMO,0.2841,low,0,0,0.1946,0.1579,71,0,False,0,False,0.6387,96,9,True,True,0.5257,59,30,0,0.5698
186,"Ind Corridor 186 (Tumakuru, Karnataka)",Industrial Corridor,Karnataka,Tumakuru,12.421289,76.331923,183.99,2137,2021-05-10,2024-02-15,Possession Handover,In Progress,SYNTHETIC_DEMO,0.4372,medium,38,0,0.6524,0.4979,140,0,False,0,False,0.5577,34,7,True,False,0.3431,28,31,0.4239,0.3095
187,"SC Mission 187 (Ajmer, Rajasthan)",Smart City,Rajasthan,Ajmer,23.917974,74.683035,428.87,1616,2023-06-12,2025-09-22,Award Declaration,Completed,SYNTHETIC_DEMO,0.304,low,0,0,0.5628,0.5157,37,0,False,0,False,0.88,94,2,True,True,0.0097,58,31,0,0.1672
188,"Expressway 188 (Bharatpur, Rajasthan)",Expressway,Rajasthan,Bharatpur,23.333965,70.390773,227.68,2751,2020-12-29,2022-11-28,Award Declaration,Cancelled,SYNTHETIC_DEMO,0.5076,medium,91,0,0.4431,0.344,92,0,False,0,False,0.6162,71,4,True,True,0.4118,49,55,0,0.4398
189,"Port Link 189 (Hapur, Uttar Pradesh)",Port Connectivity,Uttar Pradesh,Hapur,25.849957,79.438177,317.7,1196,2020-10-04,2024-08-14,Completed,In Progress,SYNTHETIC_DEMO,0.1938,low,529,307,1,0.8341,163,22,True,4,False,0.7788,73,6,True,False,0.0713,25,21,0.2282,0.2584
190,"Expressway 190 (Karur, Tamil Nadu)",Expressway,Tamil Nadu,Karur,12.295357,80.224464,66.89,1932,2021-10-16,2026-01-30,Possession Handover,On Hold,SYNTHETIC_DEMO,0.5663,medium,563,214,0.8431,0.6949,64,0,False,0,False,0.9643,89,1,True,True,0.397,17,4,0.9368,0.3366
191,"Smart City 191 (Bengaluru Rural, Karnataka)",Smart City,Karnataka,Bengaluru Rural,14.163358,74.379401,69.98,1407,2021-09-07,2024-11-13,Completed,Planning,SYNTHETIC_DEMO,0.01,low,346,159,0.9459,0.8714,8,0,False,0,False,0.7981,110,5,True,False,0.4672,74,59,0.2724,0.3224
192,"Port Link 192 (Rajkot, Gujarat)",Port Connectivity,Gujarat,Rajkot,22.879039,71.469597,209.04,1285,2021-02-10,2024-01-22,Rehabilitation,Cancelled,SYNTHETIC_DEMO,0.2805,low,523,266,0.8829,0.8312,2,0,False,0,False,0.4001,104,2,True,True,0.4692,6,44,0.9221,0.5735
193,"National Highway 193 (Srikakulam, Andhra Pradesh)",National Highway,Andhra Pradesh,Srikakulam,18.077372,80.885698,415.07,1817,2020-12-30,2023-01-20,Possession Handover,On Hold,SYNTHETIC_DEMO,0.4791,medium,451,204,0.8264,0.6869,20,0,False,0,False,0.6533,30,8,True,False,0.91,39,18,0.6485,0.366
194,"Metro 194 (Salem, Tamil Nadu)",Metro Rail,Tamil Nadu,Salem,8.60696,78.049044,29.57,4392,2023-09-09,2027-03-24,SIA Approved,In Progress,SYNTHETIC_DEMO,0.141,low,308,123,0.1651,0.1399,47,0,False,0,False,0.9834,36,4,True,True,0.4384,6,14,0,0.1451
195,"Metro 195 (Mandya, Karnataka)",Metro Rail,Karnataka,Mandya,14.798118,78.490836,32.74,3224,2021-10-08,2025-05-14,Compensation Disbursement,Completed,SYNTHETIC_DEMO,0.5435,medium,0,0,0.6644,0.4714,18,35,True,4,False,0.509,114,4,True,False,0.8283,20,49,0,0.4573
196,"Metro 196 (Yadadri Bhuvanagiri, Telangana)",Metro Rail,Telangana,Yadadri Bhuvanagiri,18.583984,79.345126,316.44,355,2023-06-11,2025-08-10,SIA Initiated,In Progress,SYNTHETIC_DEMO,0.1883,low,514,194,0,0,133,0,False,0,False,0.4733,61,10,False,True,0.3604,11,55,0,0.4333
197,"Smart City 197 (Palghar, Maharashtra)",Smart City,Maharashtra,Palghar,17.29465,73.457197,188.84,743,2022-03-14,2024-07-23,Compensation Disbursement,Planning,SYNTHETIC_DEMO,0.5002,medium,39,0,0.7188,0.6284,40,0,False,0,False,0.7,87,9,True,True,0.9697,85,3,0,0.1299
198,"City Infra 198 (Bhavnagar, Gujarat)",Urban Infrastructure,Gujarat,Bhavnagar,21.425328,71.629278,182.29,1113,2020-03-14,2024-10-24,SIA Approved,In Progress,SYNTHETIC_DEMO,0.2464,low,385,141,0.1861,0.1548,10,0,False,0,False,0.6912,56,8,True,True,0.697,29,36,0,0.1933
199,"Rural Road 199 (Ajmer, Rajasthan)",Rural Road,Rajasthan,Ajmer,26.881642,70.119889,389.08,4154,2023-12-29,2025-11-10,Award Declaration,Cancelled,SYNTHETIC_DEMO,0.5243,medium,490,213,0.4591,0.3577,47,0,False,0,False,0.9298,79,5,True,False,0.2388,13,42,0,0.5836
200,"Urban Infra 200 (Medchal-Malkajgiri, Telangana)",Urban Infrastructure,Telangana,Medchal-Malkajgiri,16.632516,78.84412,437.38,1665,2023-05-05,2026-02-22,Rehabilitation,Cancelled,SYNTHETIC_DEMO,0.1962,low,143,0,0.7943,0.713,124,13,True,1,False,0.4191,82,6,True,True,0.5258,80,16,0.0491,0.2104
201,"Metro 201 (Thane, Maharashtra)",Metro Rail,Maharashtra,Thane,19.652959,75.387408,368.48,2499,2023-11-15,2027-03-15,Rehabilitation,Planning,SYNTHETIC_DEMO,0.2904,low,407,208,0.9338,0.67,55,0,False,0,False,0.9764,12,1,True,False,0.5317,29,12,0.5262,0.2244
202,"City Infra 202 (Rajkot, Gujarat)",Urban Infrastructure,Gujarat,Rajkot,22.594536,72.384202,254.82,1305,2023-09-14,2028-08-21,Possession Handover,Planning,SYNTHETIC_DEMO,0.5299,medium,711,395,0.7354,0.5378,153,0,False,0,False,0.6658,45,5,True,True,0.9969,52,26,0.7642,0.3153
203,"Metro Rail 203 (Dausa, Rajasthan)",Metro Rail,Rajasthan,Dausa,26.851671,76.201205,299.9,4250,2023-05-24,2026-05-30,Completed,In Progress,SYNTHETIC_DEMO,0.0125,low,493,279,0.9895,0.8105,77,0,False,0,False,0.4039,28,3,True,False,0.0217,40,58,0.5537,0.3782
204,"NH 204 (Ahmedabad, Gujarat)",National Highway,Gujarat,Ahmedabad,21.192447,73.782565,368.46,2669,2020-08-30,2023-01-23,Rehabilitation,On Hold,SYNTHETIC_DEMO,0.1968,low,268,0,0.8262,0.6528,44,0,False,0,False,0.693,115,9,True,False,0.0954,87,19,0.0374,0.5042
205,"National Highway 205 (Rangareddy, Telangana)",National Highway,Telangana,Rangareddy,17.237218,81.186107,31.79,4305,2021-12-10,2023-08-13,Compensation Disbursement,On Hold,SYNTHETIC_DEMO,0.7139,high,262,72,0.6745,0.6441,81,0,False,0,False,0.724,19,5,True,True,0.2208,11,43,0,0.4658
206,"Port Connectivity 206 (Yadadri Bhuvanagiri, Telangana)",Port Connectivity,Telangana,Yadadri Bhuvanagiri,16.659132,78.774451,202.27,3569,2020-11-08,2022-08-05,Completed,Planning,SYNTHETIC_DEMO,0.01,low,374,16,0.9165,0.7987,33,49,True,2,False,0.6886,25,7,True,True,0.5713,76,39,0.9971,0.3621
207,"Expressway 207 (Meerut, Uttar Pradesh)",Expressway,Uttar Pradesh,Meerut,27.744119,77.843974,385.99,1396,2021-08-08,2024-12-02,Possession Handover,On Hold,SYNTHETIC_DEMO,0.5054,medium,463,194,0.7231,0.5475,157,0,False,0,False,0.893,102,7,True,True,0.4405,34,12,0.6854,0.178
208,"NH 208 (Thane, Maharashtra)",National Highway,Maharashtra,Thane,21.14689,79.061072,169.28,4417,2020-03-26,2021-04-23,Objection Hearing,Cancelled,SYNTHETIC_DEMO,0.628,medium,381,147,0.4138,0.3034,52,0,False,0,False,0.7279,96,4,True,True,0.623,23,44,0,0.4494
209,"Port Connectivity 209 (Mandya, Karnataka)",Port Connectivity,Karnataka,Mandya,12.210385,74.903132,197.38,2232,2021-07-07,2026-06-02,Completed,Planning,SYNTHETIC_DEMO,0.01,low,662,313,0.9543,0.8011,168,0,False,0,False,0.6161,13,0,True,True,0.8834,54,14,0.9798,0.3543
210,"PMGSY 210 (Raigad, Maharashtra)",Rural Road,Maharashtra,Raigad,18.75423,76.16389,199.73,1296,2023-12-09,2028-12-06,Completed,Planning,SYNTHETIC_DEMO,0.01,low,52,0,0.908,0.8868,88,0,False,0,False,0.8106,45,10,True,True,0.996,69,17,0.8119,0.4129
211,"Urban Infra 211 (Rangareddy, Telangana)",Urban Infrastructure,Telangana,Rangareddy,19.088701,79.956193,211.58,4703,2021-01-22,2022-07-20,Award Declaration,In Progress,SYNTHETIC_DEMO,0.2955,low,421,202,0.5041,0.4554,109,0,False,0,False,0.9823,116,9,True,True,0.5422,31,41,0,0.1693
212,"Expressway 212 (Ghaziabad, Uttar Pradesh)",Expressway,Uttar Pradesh,Ghaziabad,29.908514,82.775375,96.15,1202,2023-02-18,2027-10-23,Completed,In Progress,SYNTHETIC_DEMO,0.029,low,608,421,1,0.7952,81,0,False,0,False,0.9281,52,6,True,True,0.7456,86,59,0.7383,0.176
213,"Rail Line 213 (Meerut, Uttar Pradesh)",Railway Line,Uttar Pradesh,Meerut,27.97788,79.00147,44.34,3914,2021-10-26,2025-12-30,Notification u/s 11,Planning,SYNTHETIC_DEMO,0.4287,medium,657,443,0.1962,0.151,128,0,False,0,False,0.9077,60,10,True,True,0.8521,67,30,0,0.1688
214,"National Highway 214 (Ghaziabad, Uttar Pradesh)",National Highway,Uttar Pradesh,Ghaziabad,30.176287,78.669157,434.23,4023,2021-09-09,2026-06-14,Possession Handover,Planning,SYNTHETIC_DEMO,0.5776,medium,237,0,0.8016,0.577,83,0,False,0,False,0.9201,113,3,True,True,0.7762,82,47,0.8243,0.4601
215,"Port Connectivity 215 (Medak, Telangana)",Port Connectivity,Telangana,Medak,18.31645,77.173304,261.76,3250,2023-10-29,2025-06-08,Completed,Cancelled,SYNTHETIC_DEMO,0.0924,low,492,302,0.9914,0.955,142,0,False,0,False,0.6324,97,10,True,False,0.1899,61,25,0.8844,0.4868
216,"Railway 216 (Salem, Tamil Nadu)",Railway Line,Tamil Nadu,Salem,8.300007,78.326363,93.99,4805,2023-12-24,2025-10-10,Possession Handover,On Hold,SYNTHETIC_DEMO,0.4839,medium,504,146,0.816,0.6818,139,0,False,0,False,0.4812,52,5,True,True,0.1789,80,57,0.7126,0.201
217,"Expressway 217 (Visakhapatnam, Andhra Pradesh)",Expressway,Andhra Pradesh,Visakhapatnam,13.36481,77.41332,192.45,3127,2022-03-22,2025-09-27,Compensation Disbursement,In Progress,SYNTHETIC_DEMO,0.6655,medium,679,488,0.5976,0.5122,43,0,False,0,False,0.9474,72,10,True,False,0.1621,23,11,0,0.4846
218,"E-way 218 (Mandya, Karnataka)",Expressway,Karnataka,Mandya,12.632436,78.043439,274.03,57,2022-11-14,2025-01-02,Award Declaration,Completed,SYNTHETIC_DEMO,0.3366,low,0,0,0.4007,0.3725,155,32,True,2,False,0.5301,84,7,True,True,0.4419,81,38,0,0.1033
219,"Urban Infra 219 (Namakkal, Tamil Nadu)",Urban Infrastructure,Tamil Nadu,Namakkal,8.302852,77.570589,29.27,3425,2020-08-14,2022-06-07,Objection Hearing,Planning,SYNTHETIC_DEMO,0.4055,medium,63,0,0.4084,0.3886,41,0,False,0,False,0.8033,78,10,True,True,0.595,76,11,0,0.5831
220,"State Highway 220 (Jaipur, Rajasthan)",State Highway,Rajasthan,Jaipur,25.652575,70.109,265.89,4307,2021-03-09,2024-07-31,Award Declaration,On Hold,SYNTHETIC_DEMO,0.3606,low,593,360,0.413,0.3474,178,14,True,5,False,0.4349,73,10,True,True,0.0877,82,59,0,0.4941
221,"Port Link 221 (Salem, Tamil Nadu)",Port Connectivity,Tamil Nadu,Salem,13.472634,77.59234,404.95,1916,2023-11-15,2025-08-06,Compensation Disbursement,On Hold,SYNTHETIC_DEMO,0.6076,medium,659,298,0.6375,0.5457,74,0,False,0,False,0.9876,0,1,True,True,0.6255,20,47,0,0.524
222,"National Highway 222 (Yadadri Bhuvanagiri, Telangana)",National Highway,Telangana,Yadadri Bhuvanagiri,18.050014,77.050838,384.68,942,2022-04-25,2024-06-10,Compensation Disbursement,On Hold,SYNTHETIC_DEMO,0.6181,medium,318,0,0.5759,0.4148,85,0,False,0,False,0.6048,92,9,True,True,0.0291,27,12,0,0.2653
223,"Rural Road 223 (Sikar, Rajasthan)",Rural Road,Rajasthan,Sikar,26.370469,75.144804,418.38,2462,2022-03-02,2026-03-05,Rehabilitation,Planning,SYNTHETIC_DEMO,0.3437,low,373,49,0.8675,0.8191,173,0,False,0,False,0.5893,68,0,True,True,0.6855,50,4,0.9696,0.2402
224,"SC Mission 224 (Mysuru, Karnataka)",Smart City,Karnataka,Mysuru,13.363482,76.678363,228.69,2489,2022-12-28,2025-09-19,Completed,In Progress,SYNTHETIC_DEMO,0.0713,low,352,117,1,0.7814,134,20,True,2,False,0.4673,100,0,True,False,0.9134,61,32,0.0249,0.3413
225,"Ind Corridor 225 (Gandhinagar, Gujarat)",Industrial Corridor,Gujarat,Gandhinagar,21.473021,73.001629,196.86,4289,2020-03-24,2021-10-11,Rehabilitation,Cancelled,SYNTHETIC_DEMO,0.2431,low,558,349,0.9103,0.6735,1,0,False,0,False,0.5866,5,10,True,False,0.8719,47,29,0.8892,0.1516
226,"Port Connectivity 226 (Coimbatore, Tamil Nadu)",Port Connectivity,Tamil Nadu,Coimbatore,9.059001,77.244923,12.55,4594,2022-05-02,2025-02-13,Award Declaration,In Progress,SYNTHETIC_DEMO,0.3463,low,481,170,0.5342,0.4177,26,0,False,0,False,0.5239,44,8,True,True,0.1416,41,36,0,0.2224
227,"Port Connectivity 227 (Raigad, Maharashtra)",Port Connectivity,Maharashtra,Raigad,16.345481,76.265885,353.82,4865,2022-01-04,2026-10-18,Compensation Disbursement,Cancelled,SYNTHETIC_DEMO,0.5831,medium,81,0,0.5462,0.3911,176,0,False,0,False,0.8196,78,5,True,True,0.8174,90,51,0,0.3667
228,"Rail Line 228 (West Godavari, Andhra Pradesh)",Railway Line,Andhra Pradesh,West Godavari,14.672742,81.655349,456.87,3221,2023-05-29,2027-01-06,SIA Approved,Completed,SYNTHETIC_DEMO,0.1292,low,0,0,0.1191,0.1172,46,45,True,3,False,0.8733,112,5,True,True,0.0303,65,7,0,0.2757
229,"E-way 229 (Vizianagaram, Andhra Pradesh)",Expressway,Andhra Pradesh,Vizianagaram,16.055648,79.745488,203.4,3396,2020-08-17,2022-03-24,Compensation Disbursement,Cancelled,SYNTHETIC_DEMO,0.6224,medium,363,122,0.6362,0.4589,158,0,False,0,False,0.5462,20,7,True,True,0.3407,80,27,0,0.4922
230,"Ind Corridor 230 (Medak, Telangana)",Industrial Corridor,Telangana,Medak,18.178421,80.327152,279.77,3657,2023-11-03,2028-10-29,Completed,In Progress,SYNTHETIC_DEMO,0.01,low,617,392,1,0.7343,78,0,False,0,False,0.9735,8,9,True,True,0.8141,53,20,0.4943,0.4301
231,"Rail Line 231 (Palghar, Maharashtra)",Railway Line,Maharashtra,Palghar,18.444334,74.832026,287.29,2504,2020-04-26,2024-10-07,SIA Initiated,In Progress,SYNTHETIC_DEMO,0.2483,low,621,330,0,0,88,0,False,0,False,0.9942,74,0,False,True,0.5104,21,54,0,0.2471
232,"National Highway 232 (Dausa, Rajasthan)",National Highway,Rajasthan,Dausa,25.514712,77.251231,205.99,3575,2020-09-28,2021-11-30,SIA Initiated,Cancelled,SYNTHETIC_DEMO,0.2962,low,270,0,0,0,54,0,False,0,False,0.7975,60,2,False,True,0.3846,51,53,0,0.3086
233,"Rail Line 233 (Karur, Tamil Nadu)",Railway Line,Tamil Nadu,Karur,8.086393,79.246027,430.78,4961,2022-05-18,2026-02-07,Notification u/s 11,Planning,SYNTHETIC_DEMO,0.2215,low,703,415,0.2373,0.2367,159,12,True,4,False,0.7056,70,7,True,True,0.2257,59,38,0,0.1037
234,"Metro 234 (Krishna, Andhra Pradesh)",Metro Rail,Andhra Pradesh,Krishna,16.323164,79.43576,75.33,4322,2022-09-12,2023-11-28,Completed,On Hold,SYNTHETIC_DEMO,0.0233,low,611,360,0.9967,0.8079,119,0,False,0,False,0.7102,66,9,True,True,0.4725,89,42,0.0781,0.4168
235,"National Highway 235 (Namakkal, Tamil Nadu)",National Highway,Tamil Nadu,Namakkal,10.578778,78.306984,148.16,299,2020-12-09,2024-07-26,Compensation Disbursement,Cancelled,SYNTHETIC_DEMO,0.6836,medium,617,260,0.6718,0.5551,152,0,False,0,False,0.8497,93,9,True,True,0.6293,79,10,0,0.3864
236,"Port Connectivity 236 (Karur, Tamil Nadu)",Port Connectivity,Tamil Nadu,Karur,8.697517,76.34588,372.01,4956,2020-06-24,2023-01-14,SIA Initiated,On Hold,SYNTHETIC_DEMO,0.1954,low,288,64,0,0,151,0,False,0,False,0.8434,84,7,False,True,0.1754,35,31,0,0.1904
237,"SH 237 (Mysuru, Karnataka)",State Highway,Karnataka,Mysuru,12.539526,76.231767,290.99,2836,2023-07-23,2026-11-14,Notification u/s 11,Cancelled,SYNTHETIC_DEMO,0.4802,medium,422,229,0.1976,0.1644,164,0,False,0,False,0.5586,104,1,True,True,0.464,65,19,0,0.3381
238,"Smart City 238 (Bulandshahr, Uttar Pradesh)",Smart City,Uttar Pradesh,Bulandshahr,29.656805,77.088973,53.2,4362,2020-12-25,2024-07-01,Rehabilitation,On Hold,SYNTHETIC_DEMO,0.1935,low,421,78,0.9107,0.9003,90,0,False,0,False,0.9737,55,9,True,False,0.8584,47,17,0.2671,0.1491
239,"Metro 239 (Yadadri Bhuvanagiri, Telangana)",Metro Rail,Telangana,Yadadri Bhuvanagiri,18.261113,77.809625,344.32,2889,2022-05-17,2026-06-11,Objection Hearing,Cancelled,SYNTHETIC_DEMO,0.4512,medium,40,0,0.4096,0.3889,72,17,True,2,True,0.4204,79,1,True,True,0.5941,32,60,0,0.3997
240,"State Highway 240 (Ahmednagar, Maharashtra)",State Highway,Maharashtra,Ahmednagar,19.766565,79.699178,331.94,630,2022-06-23,2026-08-25,SIA Approved,Cancelled,SYNTHETIC_DEMO,0.139,low,219,0,0.2042,0.1856,116,0,False,0,False,0.9536,35,6,True,True,0.6676,46,16,0,0.181
241,"NH 241 (Raigad, Maharashtra)",National Highway,Maharashtra,Raigad,15.890381,80.144846,307.1,1471,2021-09-04,2024-02-28,Possession Handover,Completed,SYNTHETIC_DEMO,0.3998,low,0,0,0.6856,0.4942,165,0,False,0,False,0.6952,18,8,True,False,0.2184,87,6,0.9126,0.4577
242,"SH 242 (Thane, Maharashtra)",State Highway,Maharashtra,Thane,20.552042,72.650118,351.53,3215,2022-05-02,2026-02-14,SIA Approved,Cancelled,SYNTHETIC_DEMO,0.3183,low,182,0,0.1556,0.1089,0,33,True,4,False,0.6869,51,1,True,True,0.0033,66,7,0,0.3836
243,"Expressway 243 (Ajmer, Rajasthan)",Expressway,Rajasthan,Ajmer,29.711767,70.316003,92.43,332,2022-02-02,2026-01-31,Possession Handover,Planning,SYNTHETIC_DEMO,0.4897,medium,378,100,0.6661,0.5581,169,0,False,0,False,0.5146,89,6,True,False,0.6306,50,31,0.0849,0.4164
244,"National Highway 244 (Ghaziabad, Uttar Pradesh)",National Highway,Uttar Pradesh,Ghaziabad,27.854145,80.669244,483.45,144,2023-09-26,2025-02-01,Objection Hearing,Planning,SYNTHETIC_DEMO,0.5659,medium,583,394,0.4037,0.3431,86,0,False,0,False,0.4336,100,0,True,True,0.2117,88,42,0,0.3616
245,"Port Connectivity 245 (Bhavnagar, Gujarat)",Port Connectivity,Gujarat,Bhavnagar,20.637157,72.249905,452.81,807,2020-10-25,2024-06-16,Objection Hearing,Planning,SYNTHETIC_DEMO,0.3611,low,663,367,0.2842,0.2587,156,11,True,5,True,0.4384,104,1,True,True,0.595,83,14,0,0.1316
246,"Industrial Corridor 246 (Bulandshahr, Uttar Pradesh)",Industrial Corridor,Uttar Pradesh,Bulandshahr,28.446574,81.094136,140.58,3410,2022-11-11,2025-08-30,Possession Handover,On Hold,SYNTHETIC_DEMO,0.3362,low,248,25,0.8028,0.7048,178,0,False,0,False,0.622,21,7,True,True,0.582,22,6,0.7911,0.4161
247,"National Highway 247 (Medchal-Malkajgiri, Telangana)",National Highway,Telangana,Medchal-Malkajgiri,16.217651,77.401136,347.72,1698,2020-12-14,2025-08-09,Rehabilitation,Planning,SYNTHETIC_DEMO,0.1519,low,637,421,0.9524,0.7856,163,0,False,0,False,0.5626,57,6,True,True,0.1745,9,38,0.18,0.3499
248,"Expressway 248 (Ahmednagar, Maharashtra)",Expressway,Maharashtra,Ahmednagar,17.031654,73.440063,234.79,1714,2021-07-31,2025-07-20,Compensation Disbursement,Completed,SYNTHETIC_DEMO,0.4514,medium,0,0,0.7204,0.638,70,0,False,0,False,0.4318,14,2,True,True,0.9686,65,31,0,0.1882
249,"Industrial Corridor 249 (Bengaluru Rural, Karnataka)",Industrial Corridor,Karnataka,Bengaluru Rural,13.170031,77.623192,393.82,3983,2022-09-07,2026-03-23,Award Declaration,In Progress,SYNTHETIC_DEMO,0.3804,low,74,0,0.4209,0.3012,29,0,False,0,False,0.4425,30,7,True,True,0.326,30,47,0,0.4384
250,"SH 250 (Alwar, Rajasthan)",State Highway,Rajasthan,Alwar,28.164235,77.328977,464.3,3737,2021-03-13,2024-04-20,Compensation Disbursement,In Progress,SYNTHETIC_DEMO,0.4794,medium,255,30,0.5397,0.4725,99,24,True,2,False,0.6746,24,10,True,True,0.2697,47,8,0,0.116
